job title,job link
"Financial Analyst Intern, Insights Planning Automation and Simplifcation (IPAT)",https://in.linkedin.com/jobs/view/financial-analyst-intern-insights-planning-automation-and-simplifcation-ipat-at-amazon-3046895852?refId=%2Fe2BDPm4MhKvZpAvnb292A%3D%3D&trackingId=4WUUMTCdvX9JqZHs06aJfQ%3D%3D&position=1&pageNum=0&trk=public_jobs_jserp-result_search-card
Content Reviewer,https://in.linkedin.com/jobs/view/content-reviewer-at-amazon-3040317342?refId=%2Fe2BDPm4MhKvZpAvnb292A%3D%3D&trackingId=VkuUOFcd6hiKi7MtLf6Avg%3D%3D&position=2&pageNum=0&trk=public_jobs_jserp-result_search-card
Content Reviewer,https://in.linkedin.com/jobs/view/content-reviewer-at-amazon-3039356371?refId=%2Fe2BDPm4MhKvZpAvnb292A%3D%3D&trackingId=UQT5UgBKgrdTwMfYDsm64Q%3D%3D&position=3&pageNum=0&trk=public_jobs_jserp-result_search-card
Content Reviewer,https://in.linkedin.com/jobs/view/content-reviewer-at-amazon-3039354544?refId=%2Fe2BDPm4MhKvZpAvnb292A%3D%3D&trackingId=0thvbvUWuwHh%2Fh1ePaXl0Q%3D%3D&position=4&pageNum=0&trk=public_jobs_jserp-result_search-card
Channel Relationship Manager,https://in.linkedin.com/jobs/view/channel-relationship-manager-at-amazon-3041349055?refId=%2Fe2BDPm4MhKvZpAvnb292A%3D%3D&trackingId=IKtsfCeaPwX08xzoaeKlnA%3D%3D&position=5&pageNum=0&trk=public_jobs_jserp-result_search-card
Content Reviewer,https://in.linkedin.com/jobs/view/content-reviewer-at-amazon-3039356436?refId=%2Fe2BDPm4MhKvZpAvnb292A%3D%3D&trackingId=iYvI%2FnxzUu8QvEJYfwNVuw%3D%3D&position=6&pageNum=0&trk=public_jobs_jserp-result_search-card
Content Reviewer,https://in.linkedin.com/jobs/view/content-reviewer-at-amazon-3040313777?refId=%2Fe2BDPm4MhKvZpAvnb292A%3D%3D&trackingId=jR6eAiD9w26LS474lLsbMw%3D%3D&position=7&pageNum=0&trk=public_jobs_jserp-result_search-card
Content Reviewer,https://in.linkedin.com/jobs/view/content-reviewer-at-amazon-3039354616?refId=%2Fe2BDPm4MhKvZpAvnb292A%3D%3D&trackingId=zD0TjVzkM%2FBXhweclf8nlQ%3D%3D&position=8&pageNum=0&trk=public_jobs_jserp-result_search-card
Content Reviewer,https://in.linkedin.com/jobs/view/content-reviewer-at-amazon-3040317337?refId=%2Fe2BDPm4MhKvZpAvnb292A%3D%3D&trackingId=feWQeyPEnP7fe1QPcnxEag%3D%3D&position=9&pageNum=0&trk=public_jobs_jserp-result_search-card
Sr Associate - Account Manager,https://in.linkedin.com/jobs/view/sr-associate-account-manager-at-amazon-3057229262?refId=%2Fe2BDPm4MhKvZpAvnb292A%3D%3D&trackingId=D2VYKGt2iNE4R8s3uJkiXQ%3D%3D&position=10&pageNum=0&trk=public_jobs_jserp-result_search-card
Content Reviewer,https://in.linkedin.com/jobs/view/content-reviewer-at-amazon-3039358140?refId=%2Fe2BDPm4MhKvZpAvnb292A%3D%3D&trackingId=0SaionIVVaojp6sUK8OlXA%3D%3D&position=11&pageNum=0&trk=public_jobs_jserp-result_search-card
Content Reviewer,https://in.linkedin.com/jobs/view/content-reviewer-at-amazon-3040314453?refId=%2Fe2BDPm4MhKvZpAvnb292A%3D%3D&trackingId=xFyGP2%2FQb5MKBNzsXiWU%2BA%3D%3D&position=12&pageNum=0&trk=public_jobs_jserp-result_search-card
"Creative Coordinator, Amazon Studios, Studio Creative Content - Strategy and Operations",https://www.linkedin.com/jobs/view/creative-coordinator-amazon-studios-studio-creative-content-strategy-and-operations-at-amazon-3042404629?refId=%2Fe2BDPm4MhKvZpAvnb292A%3D%3D&trackingId=xEXVA2kmGsf5blmJjoZedw%3D%3D&position=13&pageNum=0&trk=public_jobs_jserp-result_search-card
"Virtual Customer Service Associate - Chandigarh, India",https://in.linkedin.com/jobs/view/virtual-customer-service-associate-chandigarh-india-at-amazon-3056767637?refId=%2Fe2BDPm4MhKvZpAvnb292A%3D%3D&trackingId=8CP2UYvlNpGNh1ldJuJfVA%3D%3D&position=14&pageNum=0&trk=public_jobs_jserp-result_search-card
Content Reviewer,https://in.linkedin.com/jobs/view/content-reviewer-at-amazon-3039354551?refId=%2Fe2BDPm4MhKvZpAvnb292A%3D%3D&trackingId=LYJe4bAXIiv%2FdsdT8Xbt%2FQ%3D%3D&position=15&pageNum=0&trk=public_jobs_jserp-result_search-card
HR Contact Center Associate - Work From Home,https://in.linkedin.com/jobs/view/hr-contact-center-associate-work-from-home-at-amazon-3039357166?refId=%2Fe2BDPm4MhKvZpAvnb292A%3D%3D&trackingId=J%2BCPk%2F7dVjPG6rTcH3YBUQ%3D%3D&position=16&pageNum=0&trk=public_jobs_jserp-result_search-card
Content Reviewer,https://in.linkedin.com/jobs/view/content-reviewer-at-amazon-3029718009?refId=%2Fe2BDPm4MhKvZpAvnb292A%3D%3D&trackingId=B9Fwq0GiR4e0hRwmXEEbwA%3D%3D&position=17&pageNum=0&trk=public_jobs_jserp-result_search-card
"Operations Manager, Operations Manager",https://in.linkedin.com/jobs/view/operations-manager-operations-manager-at-amazon-3056184106?refId=%2Fe2BDPm4MhKvZpAvnb292A%3D%3D&trackingId=eMT9TDso3KUC7jraSI4kXg%3D%3D&position=18&pageNum=0&trk=public_jobs_jserp-result_search-card
Central Operations Executive,https://in.linkedin.com/jobs/view/central-operations-executive-at-amazon-3056769579?refId=%2Fe2BDPm4MhKvZpAvnb292A%3D%3D&trackingId=QHoUC%2BCfFn9krtDiKS0jjQ%3D%3D&position=19&pageNum=0&trk=public_jobs_jserp-result_search-card
Manager - Real Estate,https://in.linkedin.com/jobs/view/manager-real-estate-at-amazon-3042775068?refId=%2Fe2BDPm4MhKvZpAvnb292A%3D%3D&trackingId=M7C8ePmF2EJhdAy3q82nNg%3D%3D&position=20&pageNum=0&trk=public_jobs_jserp-result_search-card
"Recruitment Coordinator, Global Media and Entertainment",https://in.linkedin.com/jobs/view/recruitment-coordinator-global-media-and-entertainment-at-amazon-3032463299?refId=%2Fe2BDPm4MhKvZpAvnb292A%3D%3D&trackingId=z%2BXa0KjYuSHl1X6DWnlqSg%3D%3D&position=21&pageNum=0&trk=public_jobs_jserp-result_search-card
"Marketing Manager, CEPC Marketing",https://in.linkedin.com/jobs/view/marketing-manager-cepc-marketing-at-amazon-3033068590?refId=%2Fe2BDPm4MhKvZpAvnb292A%3D%3D&trackingId=bLiTdL%2BeLcq%2F%2Fi%2FWeWbkpg%3D%3D&position=22&pageNum=0&trk=public_jobs_jserp-result_search-card
Team Lead (Intern),https://in.linkedin.com/jobs/view/team-lead-intern-at-amazon-3046898629?refId=%2Fe2BDPm4MhKvZpAvnb292A%3D%3D&trackingId=uQ15wmWsrsjOTf3dPNQPXg%3D%3D&position=23&pageNum=0&trk=public_jobs_jserp-result_search-card
Sales Assistant,https://in.linkedin.com/jobs/view/sales-assistant-at-amazon-3046897856?refId=%2Fe2BDPm4MhKvZpAvnb292A%3D%3D&trackingId=f36KLN%2BK6X3Jsq%2BH2RXCxw%3D%3D&position=24&pageNum=0&trk=public_jobs_jserp-result_search-card
"Central Operations Executive, Central Operations Executive",https://in.linkedin.com/jobs/view/central-operations-executive-central-operations-executive-at-amazon-3056179199?refId=%2Fe2BDPm4MhKvZpAvnb292A%3D%3D&trackingId=lc%2Bqr3OOoFP0mg%2FyY%2FHZsA%3D%3D&position=25&pageNum=0&trk=public_jobs_jserp-result_search-card
"Sales Associate, Direct Sales",https://in.linkedin.com/jobs/view/sales-associate-direct-sales-at-amazon-3045224970?refId=JNov1x38KiyqKYGbClXC7w%3D%3D&trackingId=tfcFq26Rj1zptmkuxsuChw%3D%3D&position=1&pageNum=1&trk=public_jobs_jserp-result_search-card
"Sales Associate, Direct Sales",https://in.linkedin.com/jobs/view/sales-associate-direct-sales-at-amazon-3045225882?refId=JNov1x38KiyqKYGbClXC7w%3D%3D&trackingId=YTvP4pSxjuC2uMKf8eCn7Q%3D%3D&position=2&pageNum=1&trk=public_jobs_jserp-result_search-card
"Sales Associate, Direct Sales",https://in.linkedin.com/jobs/view/sales-associate-direct-sales-at-amazon-3045226795?refId=JNov1x38KiyqKYGbClXC7w%3D%3D&trackingId=Shq5KG58MDiEn%2BAWlUO1Mw%3D%3D&position=3&pageNum=1&trk=public_jobs_jserp-result_search-card
"Team Lead (Intern), AMXL",https://in.linkedin.com/jobs/view/team-lead-intern-amxl-at-amazon-3046897849?refId=JNov1x38KiyqKYGbClXC7w%3D%3D&trackingId=h86PCcfTFh775QkzFAzJag%3D%3D&position=4&pageNum=1&trk=public_jobs_jserp-result_search-card
Account Management - Associate - English Language(UK),https://in.linkedin.com/jobs/view/account-management-associate-english-language-uk-at-amazon-3044020331?refId=JNov1x38KiyqKYGbClXC7w%3D%3D&trackingId=Sbs4zA8w685NJk20Bj3ShA%3D%3D&position=5&pageNum=1&trk=public_jobs_jserp-result_search-card
Team Lead,https://in.linkedin.com/jobs/view/team-lead-at-amazon-3047502081?refId=JNov1x38KiyqKYGbClXC7w%3D%3D&trackingId=OE9%2ByBBvjwVT23Pez5QMsQ%3D%3D&position=6&pageNum=1&trk=public_jobs_jserp-result_search-card
Brand Development Associate,https://in.linkedin.com/jobs/view/brand-development-associate-at-amazon-3033065712?refId=JNov1x38KiyqKYGbClXC7w%3D%3D&trackingId=1BPG7iH6tx0Y0AaK2JbtuQ%3D%3D&position=7&pageNum=1&trk=public_jobs_jserp-result_search-card
Pre-Construction Manager,https://br.linkedin.com/jobs/view/pre-construction-manager-at-amazon-3047547883?refId=JNov1x38KiyqKYGbClXC7w%3D%3D&trackingId=1MynFQMTX8pDlKX3ncfNfA%3D%3D&position=8&pageNum=1&trk=public_jobs_jserp-result_search-card
"Category Manager, IN Shoes",https://in.linkedin.com/jobs/view/category-manager-in-shoes-at-amazon-3026343636?refId=JNov1x38KiyqKYGbClXC7w%3D%3D&trackingId=uMIZRp%2B%2F1tldywSGcORXWA%3D%3D&position=9&pageNum=1&trk=public_jobs_jserp-result_search-card
Brand Development Associate,https://in.linkedin.com/jobs/view/brand-development-associate-at-amazon-3033069493?refId=JNov1x38KiyqKYGbClXC7w%3D%3D&trackingId=cEIPxqYhE2rwRFhfivqFMQ%3D%3D&position=10&pageNum=1&trk=public_jobs_jserp-result_search-card
Brand Development Associate,https://in.linkedin.com/jobs/view/brand-development-associate-at-amazon-3033068594?refId=JNov1x38KiyqKYGbClXC7w%3D%3D&trackingId=uY2GCxd6uusRZK8G5jyLMw%3D%3D&position=11&pageNum=1&trk=public_jobs_jserp-result_search-card
Brand Development Associate,https://in.linkedin.com/jobs/view/brand-development-associate-at-amazon-3040851091?refId=JNov1x38KiyqKYGbClXC7w%3D%3D&trackingId=lSKN4adlv%2FrbdRghDJlVqw%3D%3D&position=12&pageNum=1&trk=public_jobs_jserp-result_search-card
Team Lead (Intern),https://in.linkedin.com/jobs/view/team-lead-intern-at-amazon-3047502083?refId=JNov1x38KiyqKYGbClXC7w%3D%3D&trackingId=HB19vbgrp0y%2BYVXGdzYSwg%3D%3D&position=13&pageNum=1&trk=public_jobs_jserp-result_search-card
"Vendor Manager, Amazon Distribution",https://in.linkedin.com/jobs/view/vendor-manager-amazon-distribution-at-amazon-3026814433?refId=JNov1x38KiyqKYGbClXC7w%3D%3D&trackingId=KwVdE9jNrynb5q9H2Ma%2F8A%3D%3D&position=14&pageNum=1&trk=public_jobs_jserp-result_search-card
"Series Publicity Internship, Amazon Studios",https://www.linkedin.com/jobs/view/series-publicity-internship-amazon-studios-at-amazon-3028734086?refId=JNov1x38KiyqKYGbClXC7w%3D%3D&trackingId=0jkp6zmJTi27C4Wi38uzjg%3D%3D&position=15&pageNum=1&trk=public_jobs_jserp-result_search-card
"Brand Specialist, Jewelry",https://in.linkedin.com/jobs/view/brand-specialist-jewelry-at-amazon-3026876630?refId=JNov1x38KiyqKYGbClXC7w%3D%3D&trackingId=tNtdfvMlY0g5Gbk%2BkT%2F%2BPw%3D%3D&position=16&pageNum=1&trk=public_jobs_jserp-result_search-card
Team Lead (Intern),https://in.linkedin.com/jobs/view/team-lead-intern-at-amazon-3047552138?refId=JNov1x38KiyqKYGbClXC7w%3D%3D&trackingId=m9Pu7upyqrm4g8%2Bh822gqw%3D%3D&position=17&pageNum=1&trk=public_jobs_jserp-result_search-card
Team Lead (Intern),https://in.linkedin.com/jobs/view/team-lead-intern-at-amazon-3047501131?refId=JNov1x38KiyqKYGbClXC7w%3D%3D&trackingId=21S4C%2Fc9XdhgHgIVs%2F6xFw%3D%3D&position=18&pageNum=1&trk=public_jobs_jserp-result_search-card
Operations Manager,https://in.linkedin.com/jobs/view/operations-manager-at-amazon-3039359152?refId=JNov1x38KiyqKYGbClXC7w%3D%3D&trackingId=HMZIiNDuFvcPZ4iPFW9k%2Fw%3D%3D&position=19&pageNum=1&trk=public_jobs_jserp-result_search-card
"Account Manager, Amazon Business Advisory",https://in.linkedin.com/jobs/view/account-manager-amazon-business-advisory-at-amazon-3033062864?refId=JNov1x38KiyqKYGbClXC7w%3D%3D&trackingId=Y8ZOdixuia%2BKsH%2Bia47ueQ%3D%3D&position=20&pageNum=1&trk=public_jobs_jserp-result_search-card
"Business Analyst, Amazon Food",https://in.linkedin.com/jobs/view/business-analyst-amazon-food-at-amazon-3035677178?refId=JNov1x38KiyqKYGbClXC7w%3D%3D&trackingId=pONuATVvDeXVEQY%2Be%2F1nGw%3D%3D&position=21&pageNum=1&trk=public_jobs_jserp-result_search-card
Brand Specialist,https://in.linkedin.com/jobs/view/brand-specialist-at-amazon-3026341925?refId=JNov1x38KiyqKYGbClXC7w%3D%3D&trackingId=J%2BQESY8efvzZxOBEZflw2g%3D%3D&position=22&pageNum=1&trk=public_jobs_jserp-result_search-card
Operations Specialist,https://in.linkedin.com/jobs/view/operations-specialist-at-amazon-3026815160?refId=JNov1x38KiyqKYGbClXC7w%3D%3D&trackingId=XMY0Pe6gZ00zDhgD31S8EQ%3D%3D&position=23&pageNum=1&trk=public_jobs_jserp-result_search-card
Team Lead,https://in.linkedin.com/jobs/view/team-lead-at-amazon-3038795509?refId=JNov1x38KiyqKYGbClXC7w%3D%3D&trackingId=2MKVvNgm7IJC%2FFrZBSJ3ZA%3D%3D&position=24&pageNum=1&trk=public_jobs_jserp-result_search-card
"Senior Operations Executive, Supply Chain Inventory Management",https://in.linkedin.com/jobs/view/senior-operations-executive-supply-chain-inventory-management-at-amazon-3037989690?refId=JNov1x38KiyqKYGbClXC7w%3D%3D&trackingId=YJIdUQmfeXA91Uuq%2BgglCQ%3D%3D&position=25&pageNum=1&trk=public_jobs_jserp-result_search-card
Software Development Engineer Intern,https://in.linkedin.com/jobs/view/software-development-engineer-intern-at-amazon-3056178845?refId=1KZ%2Fhy70tEqQbRz03QGilw%3D%3D&trackingId=RHyZxy8zwRHoxxIkOMfpBg%3D%3D&position=1&pageNum=2&trk=public_jobs_jserp-result_search-card
Process Analyst,https://in.linkedin.com/jobs/view/process-analyst-at-amazon-3033065662?refId=1KZ%2Fhy70tEqQbRz03QGilw%3D%3D&trackingId=C0XhEAtnYgePn6yduLZxng%3D%3D&position=2&pageNum=2&trk=public_jobs_jserp-result_search-card
"Brand Specialist, IN Shoes",https://in.linkedin.com/jobs/view/brand-specialist-in-shoes-at-amazon-3026342948?refId=1KZ%2Fhy70tEqQbRz03QGilw%3D%3D&trackingId=488gN88zhuQg4zku1ZDOYg%3D%3D&position=3&pageNum=2&trk=public_jobs_jserp-result_search-card
Software Development Engineer Intern,https://in.linkedin.com/jobs/view/software-development-engineer-intern-at-amazon-3056184123?refId=1KZ%2Fhy70tEqQbRz03QGilw%3D%3D&trackingId=6%2F%2Fj4j%2FQAmb8sxdgngIhSA%3D%3D&position=4&pageNum=2&trk=public_jobs_jserp-result_search-card
Team Lead,https://in.linkedin.com/jobs/view/team-lead-at-amazon-3037987997?refId=1KZ%2Fhy70tEqQbRz03QGilw%3D%3D&trackingId=jOgOG2pogcSmPwOnQ%2BDm4w%3D%3D&position=5&pageNum=2&trk=public_jobs_jserp-result_search-card
"Brand Specialist, Home",https://in.linkedin.com/jobs/view/brand-specialist-home-at-amazon-3037987791?refId=1KZ%2Fhy70tEqQbRz03QGilw%3D%3D&trackingId=B6lJSy2TDYUxGH8zE%2BuPHQ%3D%3D&position=6&pageNum=2&trk=public_jobs_jserp-result_search-card
"Account Manager, Amazon Business Advisory",https://in.linkedin.com/jobs/view/account-manager-amazon-business-advisory-at-amazon-3032786052?refId=1KZ%2Fhy70tEqQbRz03QGilw%3D%3D&trackingId=nRelHjLKnDryyxgFvxUgiw%3D%3D&position=7&pageNum=2&trk=public_jobs_jserp-result_search-card
Production Planning Analyst,https://in.linkedin.com/jobs/view/production-planning-analyst-at-amazon-3036333389?refId=1KZ%2Fhy70tEqQbRz03QGilw%3D%3D&trackingId=Qsa%2BZ27BCaQjcDJoCElbPA%3D%3D&position=8&pageNum=2&trk=public_jobs_jserp-result_search-card
"Brand Specialist, Home",https://in.linkedin.com/jobs/view/brand-specialist-home-at-amazon-3046896921?refId=1KZ%2Fhy70tEqQbRz03QGilw%3D%3D&trackingId=XhDNDwmKmuoUgeH3ZGeDrg%3D%3D&position=9&pageNum=2&trk=public_jobs_jserp-result_search-card
"Manager I , Account Management, EU SSRM",https://in.linkedin.com/jobs/view/manager-i-account-management-eu-ssrm-at-amazon-3039359235?refId=1KZ%2Fhy70tEqQbRz03QGilw%3D%3D&trackingId=Cq0cRbED8R%2BfjWN6dGILzg%3D%3D&position=10&pageNum=2&trk=public_jobs_jserp-result_search-card
Software Development Engineer Intern,https://in.linkedin.com/jobs/view/software-development-engineer-intern-at-amazon-3056179168?refId=1KZ%2Fhy70tEqQbRz03QGilw%3D%3D&trackingId=Nq92cdnjPSVQEjUSbDoqYw%3D%3D&position=11&pageNum=2&trk=public_jobs_jserp-result_search-card
Team Lead (Intern),https://in.linkedin.com/jobs/view/team-lead-intern-at-amazon-3046895907?refId=1KZ%2Fhy70tEqQbRz03QGilw%3D%3D&trackingId=wK3ijU45el6ZjBChBmrm0A%3D%3D&position=12&pageNum=2&trk=public_jobs_jserp-result_search-card
"Sales Associate, Seller Affiliates, NLS",https://in.linkedin.com/jobs/view/sales-associate-seller-affiliates-nls-at-amazon-3036331576?refId=1KZ%2Fhy70tEqQbRz03QGilw%3D%3D&trackingId=d1Ga9FoVOwYa60d0ts3xjA%3D%3D&position=13&pageNum=2&trk=public_jobs_jserp-result_search-card
"Category Manager, Kitchen",https://in.linkedin.com/jobs/view/category-manager-kitchen-at-amazon-3030993068?refId=1KZ%2Fhy70tEqQbRz03QGilw%3D%3D&trackingId=tIEQKlso3ciE0GcP0shOLg%3D%3D&position=14&pageNum=2&trk=public_jobs_jserp-result_search-card
"Creator Marketing, Events, Amazon Shopping Video Creator Partnerships",https://www.linkedin.com/jobs/view/creator-marketing-events-amazon-shopping-video-creator-partnerships-at-amazon-3028735110?refId=1KZ%2Fhy70tEqQbRz03QGilw%3D%3D&trackingId=hn6wsOoyLBMcD7pmvKs6Xg%3D%3D&position=15&pageNum=2&trk=public_jobs_jserp-result_search-card
Software Development Engineer Intern,https://in.linkedin.com/jobs/view/software-development-engineer-intern-at-amazon-3044657082?refId=1KZ%2Fhy70tEqQbRz03QGilw%3D%3D&trackingId=r42ULrvT6tVjs1NAZwny1Q%3D%3D&position=16&pageNum=2&trk=public_jobs_jserp-result_search-card
Software Development Engineer Intern,https://in.linkedin.com/jobs/view/software-development-engineer-intern-at-amazon-3056182139?refId=1KZ%2Fhy70tEqQbRz03QGilw%3D%3D&trackingId=AKCOKdl4sv9ZIoX5qJBwWw%3D%3D&position=17&pageNum=2&trk=public_jobs_jserp-result_search-card
Publicity Coordinator,https://www.linkedin.com/jobs/view/publicity-coordinator-at-amazon-3032754611?refId=1KZ%2Fhy70tEqQbRz03QGilw%3D%3D&trackingId=aZ7vLFGOOUWH5PJijfpwFA%3D%3D&position=18&pageNum=2&trk=public_jobs_jserp-result_search-card
"Business Analyst, Amazon Pharmacy S&OP",https://www.linkedin.com/jobs/view/business-analyst-amazon-pharmacy-s-op-at-amazon-3040318769?refId=1KZ%2Fhy70tEqQbRz03QGilw%3D%3D&trackingId=SxMGxwlUAxFhA6PtnSzwKQ%3D%3D&position=19&pageNum=2&trk=public_jobs_jserp-result_search-card
"Account Manager, Leads Management â€“ Job Description",https://in.linkedin.com/jobs/view/account-manager-leads-management-%E2%80%93-job-description-at-amazon-3056767616?refId=1KZ%2Fhy70tEqQbRz03QGilw%3D%3D&trackingId=indD703ET7PQVCxsrYwlJA%3D%3D&position=20&pageNum=2&trk=public_jobs_jserp-result_search-card
"Executive Assistant, Campaign & Creative Services",https://www.linkedin.com/jobs/view/executive-assistant-campaign-creative-services-at-amazon-3057225596?refId=1KZ%2Fhy70tEqQbRz03QGilw%3D%3D&trackingId=bRYHvAoJp3p45Q41G4lphg%3D%3D&position=21&pageNum=2&trk=public_jobs_jserp-result_search-card
"Business Analyst, Amazon Fresh, Amazon Fresh",https://www.linkedin.com/jobs/view/business-analyst-amazon-fresh-amazon-fresh-at-amazon-3057230329?refId=1KZ%2Fhy70tEqQbRz03QGilw%3D%3D&trackingId=uUWs08NxaCspd6fyxrmmOw%3D%3D&position=22&pageNum=2&trk=public_jobs_jserp-result_search-card
Team Lead,https://in.linkedin.com/jobs/view/team-lead-at-amazon-3056772461?refId=1KZ%2Fhy70tEqQbRz03QGilw%3D%3D&trackingId=2KoSUUXsAGd88ww9O8N%2B2A%3D%3D&position=23&pageNum=2&trk=public_jobs_jserp-result_search-card
"Sales Associate, Seller Affiliates, NLS",https://in.linkedin.com/jobs/view/sales-associate-seller-affiliates-nls-at-amazon-3036334354?refId=1KZ%2Fhy70tEqQbRz03QGilw%3D%3D&trackingId=F4AxqLyvNI2ZK5FEXhTPCg%3D%3D&position=24&pageNum=2&trk=public_jobs_jserp-result_search-card
"Music Coordinator, UK, Amazon Studios",https://uk.linkedin.com/jobs/view/music-coordinator-uk-amazon-studios-at-amazon-3040321173?refId=1KZ%2Fhy70tEqQbRz03QGilw%3D%3D&trackingId=RGSoZNj8oerHRQrqc7PBHg%3D%3D&position=25&pageNum=2&trk=public_jobs_jserp-result_search-card
"Central Ops Executive , Central Operations Executive",https://in.linkedin.com/jobs/view/central-ops-executive-central-operations-executive-at-amazon-3056177969?refId=06I7YoUOo%2FS%2FJ2V95XK2eA%3D%3D&trackingId=JMy3omGL%2BX4bL%2BoCGskWfQ%3D%3D&position=1&pageNum=3&trk=public_jobs_jserp-result_search-card
Software Development Engineer Internship - Fall 2022 (US),https://www.linkedin.com/jobs/view/software-development-engineer-internship-fall-2022-us-at-amazon-3057230236?refId=06I7YoUOo%2FS%2FJ2V95XK2eA%3D%3D&trackingId=YLyYhVqXDfu40JYc3PJg6w%3D%3D&position=2&pageNum=3&trk=public_jobs_jserp-result_search-card
Team Lead,https://in.linkedin.com/jobs/view/team-lead-at-amazon-3056772409?refId=06I7YoUOo%2FS%2FJ2V95XK2eA%3D%3D&trackingId=30HATiCUmYGkQyI8kPHWCQ%3D%3D&position=3&pageNum=3&trk=public_jobs_jserp-result_search-card
"Social Media Specialist, Operations Internal Communications",https://www.linkedin.com/jobs/view/social-media-specialist-operations-internal-communications-at-amazon-3032752704?refId=06I7YoUOo%2FS%2FJ2V95XK2eA%3D%3D&trackingId=0rgjpfZCNSo0ah5R88Hx%2Fw%3D%3D&position=4&pageNum=3&trk=public_jobs_jserp-result_search-card
Associate Marketing Specialist,https://in.linkedin.com/jobs/view/associate-marketing-specialist-at-amazon-3032468003?refId=06I7YoUOo%2FS%2FJ2V95XK2eA%3D%3D&trackingId=%2BQl3SPhIuFv3slnrBEMglA%3D%3D&position=5&pageNum=3&trk=public_jobs_jserp-result_search-card
Software Development Engineer Intern,https://in.linkedin.com/jobs/view/software-development-engineer-intern-at-amazon-3044650813?refId=06I7YoUOo%2FS%2FJ2V95XK2eA%3D%3D&trackingId=h9F8UbeNEhLYX1%2BkwBEWtA%3D%3D&position=6&pageNum=3&trk=public_jobs_jserp-result_search-card
Software Development Engineer Intern,https://in.linkedin.com/jobs/view/software-development-engineer-intern-at-amazon-3044651695?refId=06I7YoUOo%2FS%2FJ2V95XK2eA%3D%3D&trackingId=VjEXOGBAN6sxx42nE3O8EQ%3D%3D&position=7&pageNum=3&trk=public_jobs_jserp-result_search-card
Software Development Engineer Intern,https://in.linkedin.com/jobs/view/software-development-engineer-intern-at-amazon-3044652703?refId=06I7YoUOo%2FS%2FJ2V95XK2eA%3D%3D&trackingId=l72lcg8g9MoAJMe3s0Lslw%3D%3D&position=8&pageNum=3&trk=public_jobs_jserp-result_search-card
Software Development Engineer Intern,https://in.linkedin.com/jobs/view/software-development-engineer-intern-at-amazon-3044654506?refId=06I7YoUOo%2FS%2FJ2V95XK2eA%3D%3D&trackingId=KbRYcRwnkzi8SQhqX3iSFQ%3D%3D&position=9&pageNum=3&trk=public_jobs_jserp-result_search-card
Software Development Engineer Intern,https://in.linkedin.com/jobs/view/software-development-engineer-intern-at-amazon-3044657051?refId=06I7YoUOo%2FS%2FJ2V95XK2eA%3D%3D&trackingId=481NH65EPLdgmvW5%2FkYCOA%3D%3D&position=10&pageNum=3&trk=public_jobs_jserp-result_search-card
Production Planning Analyst,https://in.linkedin.com/jobs/view/production-planning-analyst-at-amazon-3036334375?refId=06I7YoUOo%2FS%2FJ2V95XK2eA%3D%3D&trackingId=W071S2gpZN7ht8O6cunsnQ%3D%3D&position=11&pageNum=3&trk=public_jobs_jserp-result_search-card
Senior Business Operations Manager,https://in.linkedin.com/jobs/view/senior-business-operations-manager-at-amazon-3042400825?refId=06I7YoUOo%2FS%2FJ2V95XK2eA%3D%3D&trackingId=ge1En9wC8Oqe8Y1976F8Jg%3D%3D&position=12&pageNum=3&trk=public_jobs_jserp-result_search-card
"Brand Strategist, Amazon Ads",https://www.linkedin.com/jobs/view/brand-strategist-amazon-ads-at-amazon-3036335412?refId=06I7YoUOo%2FS%2FJ2V95XK2eA%3D%3D&trackingId=6Mq66fwHurnR3%2BOG2wfyDA%3D%3D&position=13&pageNum=3&trk=public_jobs_jserp-result_search-card
"Production Planning Analyst, Production Planning Team",https://in.linkedin.com/jobs/view/production-planning-analyst-production-planning-team-at-amazon-3036334307?refId=06I7YoUOo%2FS%2FJ2V95XK2eA%3D%3D&trackingId=DaGuG9I0C%2Bc7T%2BZM8lpbJw%3D%3D&position=14&pageNum=3&trk=public_jobs_jserp-result_search-card
Channel Relationship Manager,https://in.linkedin.com/jobs/view/channel-relationship-manager-at-amazon-3046817472?refId=06I7YoUOo%2FS%2FJ2V95XK2eA%3D%3D&trackingId=V%2FblE89gmsWIq8tM9LhpKA%3D%3D&position=15&pageNum=3&trk=public_jobs_jserp-result_search-card
"Support Associate, IN Lifecycle Engagement Org",https://in.linkedin.com/jobs/view/support-associate-in-lifecycle-engagement-org-at-amazon-3034372377?refId=06I7YoUOo%2FS%2FJ2V95XK2eA%3D%3D&trackingId=huMHFgWGS4LqOQpC24ouDw%3D%3D&position=16&pageNum=3&trk=public_jobs_jserp-result_search-card
"Social Media Manager, Amazon Fashion and Beauty",https://in.linkedin.com/jobs/view/social-media-manager-amazon-fashion-and-beauty-at-amazon-3032784332?refId=06I7YoUOo%2FS%2FJ2V95XK2eA%3D%3D&trackingId=n2Tm08rRFSEuxHyZOWXqAg%3D%3D&position=17&pageNum=3&trk=public_jobs_jserp-result_search-card
Sales Associate - SMB Sales; Amazon Business Marketplace,https://in.linkedin.com/jobs/view/sales-associate-smb-sales-amazon-business-marketplace-at-amazon-3026811919?refId=06I7YoUOo%2FS%2FJ2V95XK2eA%3D%3D&trackingId=Eadioo0aScyrYcZDsnOylQ%3D%3D&position=18&pageNum=3&trk=public_jobs_jserp-result_search-card
Associate - Retail Process,https://in.linkedin.com/jobs/view/associate-retail-process-at-amazon-3038792970?refId=06I7YoUOo%2FS%2FJ2V95XK2eA%3D%3D&trackingId=%2BWGFUTXAvkWF8mc%2BkwHhbw%3D%3D&position=19&pageNum=3&trk=public_jobs_jserp-result_search-card
Investment Analyst,https://www.linkedin.com/jobs/view/investment-analyst-at-amazon-3040485436?refId=06I7YoUOo%2FS%2FJ2V95XK2eA%3D%3D&trackingId=FOWancn%2BOtm5ZR%2BAPv4uCg%3D%3D&position=20&pageNum=3&trk=public_jobs_jserp-result_search-card
"ACES Manager, Amazon Distribution",https://in.linkedin.com/jobs/view/aces-manager-amazon-distribution-at-amazon-3035679185?refId=06I7YoUOo%2FS%2FJ2V95XK2eA%3D%3D&trackingId=LljZCOQ76A8TS9QbDTNKVw%3D%3D&position=21&pageNum=3&trk=public_jobs_jserp-result_search-card
Team Lead (Intern),https://in.linkedin.com/jobs/view/team-lead-intern-at-amazon-3047549538?refId=06I7YoUOo%2FS%2FJ2V95XK2eA%3D%3D&trackingId=35yjVMllSPBGMLwTWs03PA%3D%3D&position=22&pageNum=3&trk=public_jobs_jserp-result_search-card
HR Business Partner,https://in.linkedin.com/jobs/view/hr-business-partner-at-amazon-3046819201?refId=06I7YoUOo%2FS%2FJ2V95XK2eA%3D%3D&trackingId=SALIC6QI18Tk5usCuSpmqg%3D%3D&position=23&pageNum=3&trk=public_jobs_jserp-result_search-card
"Influencer Marketing Analyst, Prime Video",https://www.linkedin.com/jobs/view/influencer-marketing-analyst-prime-video-at-amazon-3056182243?refId=06I7YoUOo%2FS%2FJ2V95XK2eA%3D%3D&trackingId=ETuaBuhcevfSqEeyulbhRw%3D%3D&position=24&pageNum=3&trk=public_jobs_jserp-result_search-card
"Production Planning Analyst, Production Planning Team",https://in.linkedin.com/jobs/view/production-planning-analyst-production-planning-team-at-amazon-3036332457?refId=06I7YoUOo%2FS%2FJ2V95XK2eA%3D%3D&trackingId=TLcrcYG6YktJ7d%2FwNVPCug%3D%3D&position=25&pageNum=3&trk=public_jobs_jserp-result_search-card
Account Mgmt Associate-Spanish,https://in.linkedin.com/jobs/view/account-mgmt-associate-spanish-at-amazon-3032467048?refId=l8dG9mDyJxwFLtZSCtVozg%3D%3D&trackingId=bF1YHC5ojJghLDA3cEFQmg%3D%3D&position=1&pageNum=4&trk=public_jobs_jserp-result_search-card
Student Programs Recruiter,https://in.linkedin.com/jobs/view/student-programs-recruiter-at-amazon-3034376143?refId=l8dG9mDyJxwFLtZSCtVozg%3D%3D&trackingId=Xf2UgkWpg3S2%2FJGkpiaz7w%3D%3D&position=2&pageNum=4&trk=public_jobs_jserp-result_search-card
Software Development Engineer Intern,https://in.linkedin.com/jobs/view/software-development-engineer-intern-at-amazon-3044651718?refId=l8dG9mDyJxwFLtZSCtVozg%3D%3D&trackingId=0qKaxA4tupltqsr6LLJcOw%3D%3D&position=3&pageNum=4&trk=public_jobs_jserp-result_search-card
"Operation Executive, Fresh 3P",https://in.linkedin.com/jobs/view/operation-executive-fresh-3p-at-amazon-3045230014?refId=l8dG9mDyJxwFLtZSCtVozg%3D%3D&trackingId=LtK6aWcG9Mm1SUb81r7q6w%3D%3D&position=4&pageNum=4&trk=public_jobs_jserp-result_search-card
"Supply Chain Analyst, Amazon AIR Network Planning",https://www.linkedin.com/jobs/view/supply-chain-analyst-amazon-air-network-planning-at-amazon-3036335378?refId=l8dG9mDyJxwFLtZSCtVozg%3D%3D&trackingId=I1DrxIyHsdRBZwTbfHhTHw%3D%3D&position=5&pageNum=4&trk=public_jobs_jserp-result_search-card
Account Manager UK,https://in.linkedin.com/jobs/view/account-manager-uk-at-amazon-3032466130?refId=l8dG9mDyJxwFLtZSCtVozg%3D%3D&trackingId=936DZluW0o58lJafX2js3g%3D%3D&position=6&pageNum=4&trk=public_jobs_jserp-result_search-card
Team Lead,https://in.linkedin.com/jobs/view/team-lead-at-amazon-3036332421?refId=l8dG9mDyJxwFLtZSCtVozg%3D%3D&trackingId=ZyUS%2B6T9xN4Uec85M8uJ3A%3D%3D&position=7&pageNum=4&trk=public_jobs_jserp-result_search-card
Team Lead,https://in.linkedin.com/jobs/view/team-lead-at-amazon-3026813424?refId=l8dG9mDyJxwFLtZSCtVozg%3D%3D&trackingId=GoZF6jWQ8VRcYKMpS3FgHQ%3D%3D&position=8&pageNum=4&trk=public_jobs_jserp-result_search-card
HR Ops Admin,https://in.linkedin.com/jobs/view/hr-ops-admin-at-amazon-3038798116?refId=l8dG9mDyJxwFLtZSCtVozg%3D%3D&trackingId=hGD7f4x6lhkDYCCAVHm7lQ%3D%3D&position=9&pageNum=4&trk=public_jobs_jserp-result_search-card
"Copywriter, Marketing",https://www.linkedin.com/jobs/view/copywriter-marketing-at-amazon-3032783369?refId=l8dG9mDyJxwFLtZSCtVozg%3D%3D&trackingId=RAEK6F02lq8ayoOdPKaV9g%3D%3D&position=10&pageNum=4&trk=public_jobs_jserp-result_search-card
"Creative Coordinator, Amazon Studios",https://jp.linkedin.com/jobs/view/creative-coordinator-amazon-studios-at-amazon-3049161792?refId=l8dG9mDyJxwFLtZSCtVozg%3D%3D&trackingId=GRBR4AvQbfp1ixx%2FLvSrCw%3D%3D&position=11&pageNum=4&trk=public_jobs_jserp-result_search-card
"Software Development Engineer Intern, Payments",https://in.linkedin.com/jobs/view/software-development-engineer-intern-payments-at-amazon-3056178772?refId=l8dG9mDyJxwFLtZSCtVozg%3D%3D&trackingId=DyuWv6qBuoH2ImslJ1sKbg%3D%3D&position=12&pageNum=4&trk=public_jobs_jserp-result_search-card
"Brand Development Associate, Launchpad",https://in.linkedin.com/jobs/view/brand-development-associate-launchpad-at-amazon-3033065704?refId=l8dG9mDyJxwFLtZSCtVozg%3D%3D&trackingId=GyZeAX3x%2FQOegeByexLrXQ%3D%3D&position=13&pageNum=4&trk=public_jobs_jserp-result_search-card
"Manager, Category Management, IN Hybrid Stores",https://in.linkedin.com/jobs/view/manager-category-management-in-hybrid-stores-at-amazon-3025822030?refId=l8dG9mDyJxwFLtZSCtVozg%3D%3D&trackingId=DTxtIDEtUInT5kUsO%2F146g%3D%3D&position=14&pageNum=4&trk=public_jobs_jserp-result_search-card
"Brand Development Associate, Launchpad",https://in.linkedin.com/jobs/view/brand-development-associate-launchpad-at-amazon-3033064736?refId=l8dG9mDyJxwFLtZSCtVozg%3D%3D&trackingId=l9gn0TLsn%2FlE3dELnZ%2BcdQ%3D%3D&position=15&pageNum=4&trk=public_jobs_jserp-result_search-card
Sourcing Recruiter,https://in.linkedin.com/jobs/view/sourcing-recruiter-at-amazon-web-services-aws-3036287641?refId=l8dG9mDyJxwFLtZSCtVozg%3D%3D&trackingId=fEBJgVDzBaqap5cMt3OtQA%3D%3D&position=16&pageNum=4&trk=public_jobs_jserp-result_search-card
"Brand Development Associate, Launchpad",https://in.linkedin.com/jobs/view/brand-development-associate-launchpad-at-amazon-3033065713?refId=l8dG9mDyJxwFLtZSCtVozg%3D%3D&trackingId=L3qRo62O1vK4S8RqehE2Yw%3D%3D&position=17&pageNum=4&trk=public_jobs_jserp-result_search-card
"Recruiter, Global Media and Entertainment",https://in.linkedin.com/jobs/view/recruiter-global-media-and-entertainment-at-amazon-3050535302?refId=l8dG9mDyJxwFLtZSCtVozg%3D%3D&trackingId=aY3ZXUtyVzwjYWBTZtfslg%3D%3D&position=18&pageNum=4&trk=public_jobs_jserp-result_search-card
"Associate SM, Deals and HPM, IN Marketing",https://in.linkedin.com/jobs/view/associate-sm-deals-and-hpm-in-marketing-at-amazon-3043165386?refId=l8dG9mDyJxwFLtZSCtVozg%3D%3D&trackingId=I2jIzng9kzAXWp5FpTM3xw%3D%3D&position=19&pageNum=4&trk=public_jobs_jserp-result_search-card
"Brand Development Associate, Launchpad",https://in.linkedin.com/jobs/view/brand-development-associate-launchpad-at-amazon-3033063781?refId=l8dG9mDyJxwFLtZSCtVozg%3D%3D&trackingId=qUKH8b5CkW2NHb6HD%2BJCOQ%3D%3D&position=20&pageNum=4&trk=public_jobs_jserp-result_search-card
"Brand Development Associate, Launchpad",https://in.linkedin.com/jobs/view/brand-development-associate-launchpad-at-amazon-3033065657?refId=l8dG9mDyJxwFLtZSCtVozg%3D%3D&trackingId=je1IEctcrd13jd8fr6o0UA%3D%3D&position=21&pageNum=4&trk=public_jobs_jserp-result_search-card
Supervisor/a de Operaciones,https://es.linkedin.com/jobs/view/supervisor-a-de-operaciones-at-amazon-3047500465?refId=l8dG9mDyJxwFLtZSCtVozg%3D%3D&trackingId=94J4wzeiHhVTzaN4F3zRdQ%3D%3D&position=22&pageNum=4&trk=public_jobs_jserp-result_search-card
"Area Manager , FC Team",https://in.linkedin.com/jobs/view/area-manager-fc-team-at-amazon-3056773598?refId=l8dG9mDyJxwFLtZSCtVozg%3D%3D&trackingId=mYFWcjEsyQqeZqTBGS7HTQ%3D%3D&position=23&pageNum=4&trk=public_jobs_jserp-result_search-card
"Software Development Engineer Intern, Payment Services",https://in.linkedin.com/jobs/view/software-development-engineer-intern-payment-services-at-amazon-3056178766?refId=l8dG9mDyJxwFLtZSCtVozg%3D%3D&trackingId=6%2BvZVcWoNxripi6LCysrhQ%3D%3D&position=24&pageNum=4&trk=public_jobs_jserp-result_search-card
"Brand Development Associate, Launchpad",https://in.linkedin.com/jobs/view/brand-development-associate-launchpad-at-amazon-3033069444?refId=l8dG9mDyJxwFLtZSCtVozg%3D%3D&trackingId=UqHkyuXC2fvsoq7NlQJEOA%3D%3D&position=25&pageNum=4&trk=public_jobs_jserp-result_search-card
"Sales Associate, Non Linear Sales",https://in.linkedin.com/jobs/view/sales-associate-non-linear-sales-at-amazon-3040844956?refId=yfXRfj5g3fiotQ2ce0nEcg%3D%3D&trackingId=cjmZTxw2lZSB6Usq2na%2BEg%3D%3D&position=1&pageNum=5&trk=public_jobs_jserp-result_search-card
"Editor, IMDb India",https://in.linkedin.com/jobs/view/editor-imdb-india-at-amazon-3045228419?refId=yfXRfj5g3fiotQ2ce0nEcg%3D%3D&trackingId=8hkHg4gsHcS%2Brn07HxHTYA%3D%3D&position=2&pageNum=5&trk=public_jobs_jserp-result_search-card
"Brand Development Associate, Launchpad",https://in.linkedin.com/jobs/view/brand-development-associate-launchpad-at-amazon-3033064752?refId=yfXRfj5g3fiotQ2ce0nEcg%3D%3D&trackingId=qPz3FBnLPyr79wP3%2FIykAQ%3D%3D&position=3&pageNum=5&trk=public_jobs_jserp-result_search-card
Marketing Planning Manager,https://in.linkedin.com/jobs/view/marketing-planning-manager-at-amazon-3032782356?refId=yfXRfj5g3fiotQ2ce0nEcg%3D%3D&trackingId=ygFJDM9Ceg8TGyu4myDSCw%3D%3D&position=4&pageNum=5&trk=public_jobs_jserp-result_search-card
"Head Business Development , Amazon Prime ,India",https://in.linkedin.com/jobs/view/head-business-development-amazon-prime-india-at-amazon-3037417298?refId=yfXRfj5g3fiotQ2ce0nEcg%3D%3D&trackingId=nTNWpA7uikYFnuoIuXUj4A%3D%3D&position=5&pageNum=5&trk=public_jobs_jserp-result_search-card
"Recruiter, Global Media and Entertainment",https://in.linkedin.com/jobs/view/recruiter-global-media-and-entertainment-at-amazon-3050533422?refId=yfXRfj5g3fiotQ2ce0nEcg%3D%3D&trackingId=M8Tx7tAv2Cjlb0fQnpWN0A%3D%3D&position=6&pageNum=5&trk=public_jobs_jserp-result_search-card
"Senior Operations Associate, IN Creator Success",https://in.linkedin.com/jobs/view/senior-operations-associate-in-creator-success-at-amazon-3043163678?refId=yfXRfj5g3fiotQ2ce0nEcg%3D%3D&trackingId=A7cRqc2mBpY0JnNs2CYAsw%3D%3D&position=7&pageNum=5&trk=public_jobs_jserp-result_search-card
Quality Associate,https://in.linkedin.com/jobs/view/quality-associate-at-amazon-3040318743?refId=yfXRfj5g3fiotQ2ce0nEcg%3D%3D&trackingId=Vzz%2FXRA6jVFsDyDsUaq0bQ%3D%3D&position=8&pageNum=5&trk=public_jobs_jserp-result_search-card
"Brand Development Associate, Launchpad",https://in.linkedin.com/jobs/view/brand-development-associate-launchpad-at-amazon-3033069489?refId=yfXRfj5g3fiotQ2ce0nEcg%3D%3D&trackingId=pmwHeTC%2FT8vo1DKs8IWQOA%3D%3D&position=9&pageNum=5&trk=public_jobs_jserp-result_search-card
Operations Manager,https://in.linkedin.com/jobs/view/operations-manager-at-amazon-3042405431?refId=yfXRfj5g3fiotQ2ce0nEcg%3D%3D&trackingId=oK0EGMrU2%2FnH1%2B6lO5SU4A%3D%3D&position=10&pageNum=5&trk=public_jobs_jserp-result_search-card
"Mechanical Engineer II, Amazon Robotics",https://www.linkedin.com/jobs/view/mechanical-engineer-ii-amazon-robotics-at-amazon-3024125736?refId=yfXRfj5g3fiotQ2ce0nEcg%3D%3D&trackingId=VnAUb4rH5VcaBpXv7WsA2Q%3D%3D&position=11&pageNum=5&trk=public_jobs_jserp-result_search-card
Asistente de Operaciones - Calidad,https://es.linkedin.com/jobs/view/asistente-de-operaciones-calidad-at-amazon-3046814653?refId=yfXRfj5g3fiotQ2ce0nEcg%3D%3D&trackingId=WbQJfYFFpM%2BshaYzsg%2BXtQ%3D%3D&position=12&pageNum=5&trk=public_jobs_jserp-result_search-card
"Recruiter, Global Media and Entertainment",https://in.linkedin.com/jobs/view/recruiter-global-media-and-entertainment-at-amazon-3040315440?refId=yfXRfj5g3fiotQ2ce0nEcg%3D%3D&trackingId=syUOnJIjj7hVzUSnfmTTpg%3D%3D&position=13&pageNum=5&trk=public_jobs_jserp-result_search-card
"Category Leader, Hardlines , OHL",https://in.linkedin.com/jobs/view/category-leader-hardlines-ohl-at-amazon-3037994307?refId=yfXRfj5g3fiotQ2ce0nEcg%3D%3D&trackingId=hXqzOHWLkwXlYrNQ7jD0ZQ%3D%3D&position=14&pageNum=5&trk=public_jobs_jserp-result_search-card
Advertising Campaign Specialist - EN,https://in.linkedin.com/jobs/view/advertising-campaign-specialist-en-at-amazon-3046817480?refId=yfXRfj5g3fiotQ2ce0nEcg%3D%3D&trackingId=HhlOlareGCMTDwLadhnb5A%3D%3D&position=15&pageNum=5&trk=public_jobs_jserp-result_search-card
"Marketing Manager, Canada Retail Events, Canada Retail Events",https://www.linkedin.com/jobs/view/marketing-manager-canada-retail-events-canada-retail-events-at-amazon-3040318451?refId=yfXRfj5g3fiotQ2ce0nEcg%3D%3D&trackingId=Jn2efMqPoSx0HZDUPiPZWw%3D%3D&position=16&pageNum=5&trk=public_jobs_jserp-result_search-card
"Brand Development Associate, Launchpad",https://in.linkedin.com/jobs/view/brand-development-associate-launchpad-at-amazon-3033062897?refId=yfXRfj5g3fiotQ2ce0nEcg%3D%3D&trackingId=cKvtOygA3d%2BgHAU2BNqEBA%3D%3D&position=17&pageNum=5&trk=public_jobs_jserp-result_search-card
Content Associate - IN Home Team,https://in.linkedin.com/jobs/view/content-associate-in-home-team-at-amazon-3044656408?refId=yfXRfj5g3fiotQ2ce0nEcg%3D%3D&trackingId=ZMW%2FVVIwtSjrPU%2BY8GGw8w%3D%3D&position=18&pageNum=5&trk=public_jobs_jserp-result_search-card
Advertising Campaign Specialist - EN,https://in.linkedin.com/jobs/view/advertising-campaign-specialist-en-at-amazon-3029716251?refId=yfXRfj5g3fiotQ2ce0nEcg%3D%3D&trackingId=gRqkuDUN%2BRRMBakJ04skCQ%3D%3D&position=19&pageNum=5&trk=public_jobs_jserp-result_search-card
"Senior Operations Associate, IN Creator Success",https://in.linkedin.com/jobs/view/senior-operations-associate-in-creator-success-at-amazon-3043166403?refId=yfXRfj5g3fiotQ2ce0nEcg%3D%3D&trackingId=igKwjDSqvqItfglB1VJ5gA%3D%3D&position=20&pageNum=5&trk=public_jobs_jserp-result_search-card
Team Lead,https://in.linkedin.com/jobs/view/team-lead-at-amazon-3039357217?refId=yfXRfj5g3fiotQ2ce0nEcg%3D%3D&trackingId=frsm6rycAQOJ8the%2BQ6ytg%3D%3D&position=21&pageNum=5&trk=public_jobs_jserp-result_search-card
Digital Content Associate,https://in.linkedin.com/jobs/view/digital-content-associate-at-amazon-3026812701?refId=yfXRfj5g3fiotQ2ce0nEcg%3D%3D&trackingId=6r2t6O%2Fg4RT4IP6k0l%2FHHA%3D%3D&position=22&pageNum=5&trk=public_jobs_jserp-result_search-card
"Marketing Associate, Paid Media, Prime Video Originals Marketing",https://www.linkedin.com/jobs/view/marketing-associate-paid-media-prime-video-originals-marketing-at-amazon-3040315650?refId=yfXRfj5g3fiotQ2ce0nEcg%3D%3D&trackingId=yVJWWAnGzvjeVrc%2FuTlgEg%3D%3D&position=23&pageNum=5&trk=public_jobs_jserp-result_search-card
Content Acquisition Manager,https://in.linkedin.com/jobs/view/content-acquisition-manager-at-amazon-3044020379?refId=yfXRfj5g3fiotQ2ce0nEcg%3D%3D&trackingId=H3wBibfVXiWByiC9eXxRHw%3D%3D&position=24&pageNum=5&trk=public_jobs_jserp-result_search-card
Inventory Specialist - US Books,https://in.linkedin.com/jobs/view/inventory-specialist-us-books-at-amazon-3042407508?refId=yfXRfj5g3fiotQ2ce0nEcg%3D%3D&trackingId=K%2FTrMYdR7g6DOLvktzoOnw%3D%3D&position=25&pageNum=5&trk=public_jobs_jserp-result_search-card
"Production Planning Analyst, Production Planning Team",https://in.linkedin.com/jobs/view/production-planning-analyst-production-planning-team-at-amazon-3026872947?refId=sNWmkI5KHQrv8V5dVG3Qkw%3D%3D&trackingId=zWBFFgmm3LMfDsEBJJQesg%3D%3D&position=1&pageNum=6&trk=public_jobs_jserp-result_search-card
Digital Content Associate,https://in.linkedin.com/jobs/view/digital-content-associate-at-amazon-3026811903?refId=sNWmkI5KHQrv8V5dVG3Qkw%3D%3D&trackingId=ILBMg4Fn3YO6NXP80%2FbcZg%3D%3D&position=2&pageNum=6&trk=public_jobs_jserp-result_search-card
Financial Analyst,https://in.linkedin.com/jobs/view/financial-analyst-at-amazon-3030991605?refId=sNWmkI5KHQrv8V5dVG3Qkw%3D%3D&trackingId=tBZf%2BP0o%2BC3byPBDEfApzQ%3D%3D&position=3&pageNum=6&trk=public_jobs_jserp-result_search-card
Mechanical Engineer I,https://www.linkedin.com/jobs/view/mechanical-engineer-i-at-amazon-3046820049?refId=sNWmkI5KHQrv8V5dVG3Qkw%3D%3D&trackingId=MQeMfXscZNePL9VLCpCNGg%3D%3D&position=4&pageNum=6&trk=public_jobs_jserp-result_search-card
Recibidor de Inventario,https://es.linkedin.com/jobs/view/recibidor-de-inventario-at-amazon-3050529839?refId=sNWmkI5KHQrv8V5dVG3Qkw%3D%3D&trackingId=WVTr56zr504NI45lpMVYig%3D%3D&position=5&pageNum=6&trk=public_jobs_jserp-result_search-card
Seller Support Associate,https://in.linkedin.com/jobs/view/seller-support-associate-at-amazon-3032782351?refId=sNWmkI5KHQrv8V5dVG3Qkw%3D%3D&trackingId=E0Y92s3o8fZD5grjGRianw%3D%3D&position=6&pageNum=6&trk=public_jobs_jserp-result_search-card
Software Engineer,https://in.linkedin.com/jobs/view/software-engineer-at-amazon-3062393649?refId=sNWmkI5KHQrv8V5dVG3Qkw%3D%3D&trackingId=ftOqrE9vFh02wkh5h2B3bA%3D%3D&position=7&pageNum=6&trk=public_jobs_jserp-result_search-card
IT Support Associate II,https://in.linkedin.com/jobs/view/it-support-associate-ii-at-amazon-3057227461?refId=sNWmkI5KHQrv8V5dVG3Qkw%3D%3D&trackingId=EkNfg2NgOOV6z%2Fng89uu5g%3D%3D&position=8&pageNum=6&trk=public_jobs_jserp-result_search-card
"Team Lead, Airhaul",https://in.linkedin.com/jobs/view/team-lead-airhaul-at-amazon-3040851124?refId=sNWmkI5KHQrv8V5dVG3Qkw%3D%3D&trackingId=pD91OaLb4n%2FZD7Kubx741w%3D%3D&position=9&pageNum=6&trk=public_jobs_jserp-result_search-card
SDE 1,https://in.linkedin.com/jobs/view/sde-1-at-amazon-3046896978?refId=sNWmkI5KHQrv8V5dVG3Qkw%3D%3D&trackingId=iOD8XLVDReJKsmMmD9eFxQ%3D%3D&position=10&pageNum=6&trk=public_jobs_jserp-result_search-card
"Manager, Campaign Management, Global Creative Success",https://in.linkedin.com/jobs/view/manager-campaign-management-global-creative-success-at-amazon-3056178819?refId=sNWmkI5KHQrv8V5dVG3Qkw%3D%3D&trackingId=CK8taIW2AO6aD8GrB%2B0SlQ%3D%3D&position=11&pageNum=6&trk=public_jobs_jserp-result_search-card
"Business Analyst, Amazon Fresh Grocery",https://www.linkedin.com/jobs/view/business-analyst-amazon-fresh-grocery-at-amazon-3024128466?refId=sNWmkI5KHQrv8V5dVG3Qkw%3D%3D&trackingId=qADLO1map5YVdQvfs9A0AA%3D%3D&position=12&pageNum=6&trk=public_jobs_jserp-result_search-card
"Team Leader - Spoke, Team Leader - Spoke",https://in.linkedin.com/jobs/view/team-leader-spoke-team-leader-spoke-at-amazon-3056182138?refId=sNWmkI5KHQrv8V5dVG3Qkw%3D%3D&trackingId=tTXPX7f1hfmexKAatg4LFw%3D%3D&position=13&pageNum=6&trk=public_jobs_jserp-result_search-card
Business Analyst,https://www.linkedin.com/jobs/view/business-analyst-at-amazon-3056184070?refId=sNWmkI5KHQrv8V5dVG3Qkw%3D%3D&trackingId=0EPIrZKmA%2Fbm9VKtkg466Q%3D%3D&position=14&pageNum=6&trk=public_jobs_jserp-result_search-card
"Category Manager, Major Appliances",https://in.linkedin.com/jobs/view/category-manager-major-appliances-at-amazon-3039353841?refId=sNWmkI5KHQrv8V5dVG3Qkw%3D%3D&trackingId=w6fdRdKZwbQa0aMq7rfwWw%3D%3D&position=15&pageNum=6&trk=public_jobs_jserp-result_search-card
Vendor Manager,https://in.linkedin.com/jobs/view/vendor-manager-at-amazon-3032787052?refId=sNWmkI5KHQrv8V5dVG3Qkw%3D%3D&trackingId=vAmKH5EkJQT%2FughLkIbWnA%3D%3D&position=16&pageNum=6&trk=public_jobs_jserp-result_search-card
"Mechanical Design Engineer, Prime Air",https://www.linkedin.com/jobs/view/mechanical-design-engineer-prime-air-at-amazon-3057224609?refId=sNWmkI5KHQrv8V5dVG3Qkw%3D%3D&trackingId=TPVieDmx8BspUf4RFXpGag%3D%3D&position=17&pageNum=6&trk=public_jobs_jserp-result_search-card
"Sr.Associate, Unemployment",https://in.linkedin.com/jobs/view/sr-associate-unemployment-at-amazon-3035674870?refId=sNWmkI5KHQrv8V5dVG3Qkw%3D%3D&trackingId=eaYgTQhKXX%2F4atYyUp%2FrFA%3D%3D&position=18&pageNum=6&trk=public_jobs_jserp-result_search-card
Operations Manager,https://in.linkedin.com/jobs/view/operations-manager-at-amazon-3041347043?refId=sNWmkI5KHQrv8V5dVG3Qkw%3D%3D&trackingId=Cb3jYJ0km1wjk6fU2xoCpw%3D%3D&position=19&pageNum=6&trk=public_jobs_jserp-result_search-card
"Marketing Manager, Entertainment & Culture, XCM",https://www.linkedin.com/jobs/view/marketing-manager-entertainment-culture-xcm-at-amazon-3029789157?refId=sNWmkI5KHQrv8V5dVG3Qkw%3D%3D&trackingId=mazAQNFS%2BMkMWT7meu9Htw%3D%3D&position=20&pageNum=6&trk=public_jobs_jserp-result_search-card
IT Service Support Associate,https://in.linkedin.com/jobs/view/it-service-support-associate-at-amazon-3057226446?refId=sNWmkI5KHQrv8V5dVG3Qkw%3D%3D&trackingId=26yAzMu7TjIVQ0MTj97%2B8w%3D%3D&position=21&pageNum=6&trk=public_jobs_jserp-result_search-card
"Area Manager, Amazon Fresh",https://in.linkedin.com/jobs/view/area-manager-amazon-fresh-at-amazon-3050530510?refId=sNWmkI5KHQrv8V5dVG3Qkw%3D%3D&trackingId=gtq7akXbJ6jKMtH%2FdNtkpA%3D%3D&position=22&pageNum=6&trk=public_jobs_jserp-result_search-card
Technical Recruiter,https://in.linkedin.com/jobs/view/technical-recruiter-at-amazon-3038797246?refId=sNWmkI5KHQrv8V5dVG3Qkw%3D%3D&trackingId=1nrmm2iLoL8X%2BPXf0gmflQ%3D%3D&position=23&pageNum=6&trk=public_jobs_jserp-result_search-card
Sr Vendor Manager,https://in.linkedin.com/jobs/view/sr-vendor-manager-at-amazon-3035681089?refId=sNWmkI5KHQrv8V5dVG3Qkw%3D%3D&trackingId=n2G7hzyTAMGYQgksL1e1vg%3D%3D&position=24&pageNum=6&trk=public_jobs_jserp-result_search-card
Financial Analyst,https://in.linkedin.com/jobs/view/financial-analyst-at-amazon-3032781930?refId=sNWmkI5KHQrv8V5dVG3Qkw%3D%3D&trackingId=%2FfTkeI%2FMiufKEtugGRPNAQ%3D%3D&position=25&pageNum=6&trk=public_jobs_jserp-result_search-card
